CUST_NUM,ACT_TIME,AMT_100pf
10011,01Aug2023 23:33:05.000,
10013,01Aug2023 23:33:10.000,
10043,02Aug2023 0:30:32.000,
10052,11Aug2023 20:21:24.000,50000
10052,11Sep2023 20:21:24.000,50000
10052,11Oct2023 20:21:24.000,50000
10083,02Aug2023 1:57:08.000,
10120,02Aug2023 2:29:22.000,
10126,01Aug2023 23:12:42.000,
10133,02Aug2023 1:32:51.000,
10174,02Aug2023 2:30:37.000,
10183,02Aug2023 1:37:55.000,
10189,02Aug2023 1:34:31.000,
10191,02Aug2023 0:53:53.000,
10220,02Aug2023 1:59:15.000,
10222,02Aug2023 0:54:13.000,
10233,02Aug2023 2:31:04.000,
10286,01Aug2023 23:47:33.000,
10396,21Aug2023 7:34:08.000,50000
10396,21Sep2023 7:34:08.000,50000
10396,21Oct2023 7:34:08.000,50000
10431,02Aug2023 2:33:56.000,
10446,02Aug2023 2:02:57.000,
10448,02Aug2023 1:46:14.000,
10459,02Aug2023 1:46:26.000,
10478,01Aug2023 23:03:05.000,
10483,02Aug2023 2:34:56.000,
10487,02Aug2023 2:35:01.000,
10523,01Aug2023 23:50:01.000,
10526,02Aug2023 0:00:20.000,
1059,16Aug2023 19:38:49.000,
10600,02Aug2023 2:06:09.000,
10623,01Aug2023 23:51:38.000,
10626,01Aug2023 23:24:35.000,
10630,02Aug2023 2:38:02.000,
10636,01Aug2023 23:51:49.000,
10652,02Aug2023 2:07:55.000,
10661,19Oct2023 14:53:19.000,
10668,01Aug2023 23:52:06.000,
10683,09Sep2023 19:40:16.000,30000
10683,17Sep2023 18:38:47.000,30000
10683,30Sep2023 16:56:39.000,30000
10683,09Oct2023 17:12:16.000,30000
10683,19Oct2023 8:22:59.000,30000
10683,28Oct2023 18:48:20.000,30000
10684,02Aug2023 0:07:54.000,
10687,02Aug2023 0:08:02.000,
10738,01Aug2023 23:27:56.000,
10746,02Aug2023 0:08:57.000,
10749,02Aug2023 1:12:00.000,
10750,02Aug2023 0:50:20.000,
10751,01Aug2023 22:58:42.000,
10759,02Aug2023 0:50:42.000,
10767,02Aug2023 0:03:09.000,
10776,02Aug2023 0:52:25.000,
10777,02Aug2023 2:12:45.000,
10790,01Aug2023 23:17:36.000,
10798,02Aug2023 0:10:35.000,
10800,01Aug2023 23:17:44.000,
10808,02Aug2023 0:03:58.000,
10810,02Aug2023 0:03:59.000,
10816,02Aug2023 0:56:14.000,
10820,02Aug2023 2:13:28.000,
10825,02Aug2023 0:04:17.000,
10853,02Aug2023 1:23:29.000,
10878,03Aug2023 8:18:05.000,30000
10878,10Aug2023 14:57:56.000,30000
10878,17Aug2023 14:57:56.000,30000
10878,24Aug2023 14:57:56.000,30000
10878,31Aug2023 14:57:56.000,30000
10878,07Sep2023 14:57:56.000,30000
10878,14Sep2023 17:26:32.000,30000
10878,21Sep2023 19:03:28.000,30000
10878,29Sep2023 17:27:58.000,30000
10878,08Oct2023 9:19:39.000,30000
10878,15Oct2023 9:39:14.000,30000
10878,25Oct2023 11:46:24.000,30000
10884,02Aug2023 0:20:02.000,
10913,02Aug2023 0:06:18.000,
10914,02Aug2023 0:20:57.000,
10918,02Aug2023 2:16:23.000,
10930,02Aug2023 0:26:48.000,
10935,01Aug2023 23:53:45.000,
10996,02Aug2023 0:28:35.000,
11073,02Aug2023 1:03:20.000,
11081,01Aug2023 23:56:54.000,
11082,01Aug2023 23:40:52.000,
11089,01Aug2023 23:57:17.000,
11105,02Aug2023 0:15:57.000,
11149,03Aug2023 17:21:10.000,
11160,03Aug2023 17:55:30.000,
11215,12Sep2023 11:20:48.000,
11218,03Aug2023 17:56:19.000,
11277,03Aug2023 16:52:09.000,
11281,03Aug2023 17:06:21.000,
11310,03Aug2023 19:06:50.000,
11326,17Sep2023 10:18:42.000,30000
11326,27Sep2023 10:08:50.000,30000
11326,14Oct2023 16:13:14.000,30000
11326,30Oct2023 8:47:13.000,30000
11352,03Aug2023 18:38:27.000,
11360,03Aug2023 18:38:33.000,
11380,03Aug2023 18:40:30.000,
11425,03Aug2023 18:40:39.000,
11447,07Aug2023 11:12:26.000,50000
11447,07Sep2023 11:12:26.000,50000
11447,07Oct2023 11:12:26.000,50000
11469,03Aug2023 17:37:14.000,
11474,03Aug2023 16:40:25.000,
11477,03Aug2023 19:33:26.000,
11488,03Aug2023 16:41:05.000,
11583,03Aug2023 17:40:07.000,
11614,03Aug2023 19:10:28.000,
11629,03Aug2023 19:35:57.000,
11632,03Aug2023 19:35:59.000,
11640,03Aug2023 17:01:29.000,
11641,03Aug2023 19:11:07.000,
11642,03Aug2023 19:36:17.000,
11645,03Aug2023 19:36:20.000,
11653,03Aug2023 17:01:45.000,
11668,03Aug2023 18:43:16.000,
11683,03Aug2023 17:41:26.000,
11686,03Aug2023 16:47:41.000,
11701,03Aug2023 17:41:44.000,
11704,03Aug2023 19:37:20.000,
11711,03Aug2023 18:44:07.000,
11721,03Aug2023 19:12:52.000,
11723,03Aug2023 17:58:19.000,
11754,03Aug2023 17:58:32.000,
11791,03Aug2023 18:54:06.000,
11830,03Aug2023 17:32:47.000,
11834,03Aug2023 19:13:58.000,
11849,03Aug2023 18:54:44.000,
11852,03Aug2023 19:42:17.000,
11887,03Aug2023 18:50:25.000,
11895,27Oct2023 9:32:34.000,
11910,03Aug2023 18:00:44.000,
11915,03Aug2023 19:15:53.000,
11922,03Aug2023 19:16:01.000,
11932,03Aug2023 17:36:40.000,
11943,03Aug2023 16:57:47.000,
11946,03Aug2023 18:52:23.000,
12011,03Aug2023 16:58:47.000,
12020,03Aug2023 16:12:36.000,
12039,03Aug2023 18:57:37.000,
12045,03Aug2023 19:18:30.000,
12063,03Aug2023 19:47:23.000,
12069,03Aug2023 16:14:22.000,
12075,03Aug2023 17:53:06.000,
12088,03Aug2023 19:47:54.000,
12112,03Aug2023 18:59:40.000,
12115,03Aug2023 17:53:42.000,
12132,03Aug2023 17:09:53.000,
12141,03Aug2023 19:20:23.000,
12160,22Aug2023 13:44:27.000,35100
12236,03Aug2023 17:54:49.000,
12237,03Aug2023 18:21:22.000,
12272,03Aug2023 16:15:58.000,
12274,03Aug2023 19:50:17.000,
12287,03Aug2023 17:11:19.000,
12293,03Aug2023 16:21:26.000,
12311,03Sep2023 23:47:01.000,
12312,03Aug2023 16:16:24.000,
12318,03Aug2023 16:16:46.000,
12319,29Aug2023 18:00:09.000,50000
12319,30Sep2023 10:13:09.000,50000
12319,31Oct2023 10:06:38.000,50000
12328,03Aug2023 19:22:38.000,
12333,03Aug2023 19:51:12.000,
12342,03Aug2023 16:17:58.000,
12349,03Aug2023 18:23:55.000,
12357,09Aug2023 11:37:57.000,50000
12357,09Sep2023 11:37:57.000,50000
12357,12Oct2023 19:01:25.000,50000
12361,03Aug2023 19:23:49.000,
12383,03Aug2023 18:09:45.000,
12389,03Aug2023 16:20:04.000,
12414,03Aug2023 16:24:27.000,
12415,03Aug2023 16:20:41.000,
12437,07Aug2023 12:03:39.000,30000
12437,14Aug2023 12:03:39.000,30000
12437,21Aug2023 12:03:39.000,30000
12437,28Aug2023 12:03:39.000,30000
12437,04Sep2023 12:03:39.000,30000
12437,11Sep2023 12:40:38.000,30000
12437,18Sep2023 12:40:38.000,30000
12437,25Sep2023 12:40:38.000,30000
12437,03Oct2023 13:49:25.000,30000
12437,10Oct2023 13:49:25.000,30000
12437,17Oct2023 13:49:25.000,30000
12437,24Oct2023 13:49:25.000,30000
12437,31Oct2023 13:49:25.000,30000
12485,03Aug2023 19:29:44.000,
12488,03Aug2023 18:02:51.000,
12492,03Aug2023 18:29:54.000,
12499,03Aug2023 17:27:37.000,
12542,03Aug2023 18:19:15.000,
12552,03Aug2023 18:04:04.000,
12561,03Aug2023 18:19:52.000,
12564,03Aug2023 16:26:33.000,
12592,03Aug2023 16:34:12.000,
12602,03Aug2023 16:27:17.000,
12624,03Aug2023 18:05:46.000,
12634,03Aug2023 19:57:22.000,
12639,03Aug2023 19:34:19.000,
12644,03Aug2023 19:34:23.000,
12658,03Aug2023 18:25:54.000,
12669,03Aug2023 18:14:39.000,
12673,03Aug2023 17:43:49.000,
12689,03Aug2023 18:26:35.000,
12695,03Aug2023 18:15:19.000,
12696,03Aug2023 18:35:05.000,
12699,03Aug2023 16:45:18.000,
12710,03Aug2023 16:36:12.000,
12719,03Aug2023 18:35:25.000,
12746,12Oct2023 18:46:14.000,30000
12768,03Aug2023 19:40:49.000,
12769,03Aug2023 16:48:11.000,
12777,03Aug2023 18:29:22.000,
12786,07Aug2023 16:50:57.000,
12790,07Aug2023 17:59:24.000,
12791,07Aug2023 20:06:37.000,
12805,07Aug2023 16:58:28.000,
12822,07Aug2023 16:53:47.000,
12824,19Sep2023 20:49:31.000,30000
12824,26Sep2023 20:49:31.000,30000
12824,03Oct2023 20:49:31.000,30000
12824,10Oct2023 20:49:31.000,30000
12824,20Oct2023 11:45:16.000,30000
12824,27Oct2023 11:45:16.000,30000
12828,07Aug2023 17:03:06.000,
12840,07Aug2023 18:39:14.000,
12842,07Aug2023 17:50:46.000,
12848,07Aug2023 20:07:58.000,
12858,07Aug2023 18:39:30.000,
12859,07Aug2023 19:28:09.000,
12877,07Aug2023 17:06:08.000,
12913,07Aug2023 19:32:50.000,
12919,07Aug2023 17:06:54.000,
12922,07Aug2023 18:24:09.000,
12924,02Aug2023 11:45:59.000,50000
12924,02Sep2023 11:45:59.000,50000
12924,02Oct2023 11:45:59.000,50000
12986,07Aug2023 17:02:41.000,
12996,07Aug2023 20:10:03.000,
13019,07Aug2023 18:12:19.000,
13072,07Aug2023 19:35:26.000,
13107,07Aug2023 17:57:11.000,
13122,07Aug2023 18:54:37.000,
13139,07Aug2023 17:09:40.000,
13155,07Aug2023 20:12:13.000,
13157,07Aug2023 20:12:17.000,
13159,07Aug2023 19:36:50.000,
13161,07Aug2023 18:54:53.000,
13163,07Aug2023 18:35:31.000,
13179,07Aug2023 18:19:08.000,
13188,07Aug2023 19:41:35.000,
13192,07Aug2023 18:19:20.000,
13252,07Aug2023 19:42:43.000,
13254,07Aug2023 18:20:03.000,
13306,07Aug2023 17:11:34.000,
13308,07Aug2023 18:20:19.000,
13326,07Aug2023 18:58:04.000,
13327,07Aug2023 18:37:44.000,
13340,07Aug2023 17:16:43.000,
13349,19Oct2023 19:47:09.000,35100
13363,07Sep2023 17:43:13.000,
13371,07Sep2023 20:21:59.000,
13627,16Oct2023 12:15:18.000,
13870,07Aug2023 19:16:28.000,
13871,07Aug2023 20:18:07.000,
13892,07Aug2023 18:09:51.000,
13960,07Aug2023 18:34:15.000,
13986,07Aug2023 18:14:02.000,
13998,07Aug2023 17:20:28.000,
14,10Aug2023 18:51:23.000,50000
14,10Sep2023 18:51:23.000,50000
14,10Oct2023 18:51:23.000,50000
14002,07Aug2023 18:55:37.000,
14010,07Aug2023 17:25:55.000,
14073,07Aug2023 20:19:38.000,
14085,05Aug2023 19:56:12.000,30000
14085,22Aug2023 8:21:04.000,30000
14085,29Aug2023 8:21:04.000,30000
14085,18Sep2023 19:50:46.000,30000
14085,25Sep2023 19:50:46.000,30000
14085,14Oct2023 19:49:18.000,30000
14085,24Oct2023 8:56:13.000,30000
14085,31Oct2023 8:56:13.000,30000
14103,07Aug2023 20:19:53.000,
14181,07Aug2023 18:15:21.000,
14184,07Aug2023 16:29:32.000,
14197,07Aug2023 19:52:02.000,
14198,27Aug2023 10:12:24.000,50000
14198,29Sep2023 19:23:12.000,50000
14209,02Oct2023 18:54:19.000,30000
14209,12Oct2023 10:51:39.000,30000
14219,07Aug2023 16:29:46.000,
14227,07Aug2023 19:23:24.000,
14259,07Aug2023 16:30:10.000,
14277,07Aug2023 19:09:38.000,
14287,15Aug2023 19:10:55.000,50000
14287,15Sep2023 19:10:55.000,50000
14287,15Oct2023 19:10:55.000,50000
14295,07Aug2023 17:24:10.000,
14334,07Aug2023 18:16:38.000,
14398,07Aug2023 17:32:49.000,
14402,07Aug2023 17:32:51.000,
14427,23Sep2023 17:32:58.000,30000
14427,30Sep2023 17:32:58.000,30000
14427,27Oct2023 16:00:00.000,30000
14428,07Aug2023 17:28:04.000,
14435,07Aug2023 16:32:15.000,
14441,01Aug2023 12:58:27.000,50000
14441,01Sep2023 12:58:27.000,50000
14441,01Oct2023 12:58:27.000,50000
14450,07Aug2023 17:28:05.000,
14460,07Aug2023 17:28:09.000,
14545,07Aug2023 17:33:29.000,
14586,07Sep2023 19:24:28.000,
14612,07Aug2023 19:26:54.000,
14632,07Aug2023 19:55:21.000,
14689,07Sep2023 16:53:41.000,
14702,07Aug2023 17:35:14.000,
14708,07Aug2023 16:39:33.000,
14711,07Aug2023 19:56:07.000,
14722,07Aug2023 19:04:12.000,
14733,07Aug2023 16:35:03.000,
14734,07Aug2023 17:35:55.000,
14752,07Aug2023 17:36:07.000,
14803,07Aug2023 16:35:45.000,
14805,07Aug2023 17:41:24.000,
14808,07Aug2023 16:41:47.000,
14820,07Aug2023 16:35:58.000,
14829,11Aug2023 18:54:20.000,50000
14829,07Oct2023 16:52:13.000,50000
14830,07Aug2023 18:31:23.000,
14833,07Aug2023 17:41:43.000,
14862,07Aug2023 19:30:40.000,
14876,07Aug2023 16:42:48.000,
14883,07Aug2023 19:31:07.000,
14884,07Aug2023 19:31:10.000,
14894,07Aug2023 16:43:06.000,
14895,07Aug2023 16:43:09.000,
14941,07Aug2023 19:34:02.000,
14962,16Sep2023 14:51:40.000,30000
14962,23Sep2023 14:51:40.000,30000
14962,03Oct2023 16:19:37.000,30000
14992,05Aug2023 19:07:42.000,50000
14992,05Sep2023 19:07:42.000,50000
14992,05Oct2023 19:07:42.000,50000
1507,16Aug2023 23:36:19.000,
15089,07Aug2023 13:41:32.000,50000
15089,07Sep2023 13:41:32.000,50000
15089,12Oct2023 12:28:13.000,50000
15253,07Aug2023 19:59:38.000,
15293,27Aug2023 10:44:23.000,30000
15293,03Sep2023 19:40:14.000,30000
15293,13Sep2023 19:52:16.000,30000
15293,22Sep2023 18:27:24.000,30000
15293,30Sep2023 10:53:50.000,30000
15293,07Oct2023 10:53:50.000,30000
15293,14Oct2023 10:53:50.000,30000
15293,21Oct2023 13:12:31.000,30000
15293,28Oct2023 15:47:26.000,30000
15309,07Aug2023 18:45:16.000,
15321,07Aug2023 19:10:51.000,
15337,07Aug2023 19:37:34.000,
15347,07Aug2023 18:45:33.000,
15349,07Aug2023 16:45:03.000,
15358,07Aug2023 20:00:50.000,
15376,26Aug2023 18:49:20.000,50000
15376,26Sep2023 18:49:20.000,50000
15376,26Oct2023 18:49:20.000,50000
15394,07Aug2023 16:45:44.000,
15405,07Aug2023 17:53:25.000,
15441,07Aug2023 19:19:10.000,
15442,07Aug2023 20:01:29.000,
15465,27Sep2023 13:01:46.000,
15472,07Aug2023 17:54:07.000,
15473,07Aug2023 19:39:11.000,
15488,07Aug2023 18:47:34.000,
15495,07Aug2023 16:52:01.000,
15497,07Aug2023 16:52:03.000,
15504,07Aug2023 19:00:37.000,
15505,07Aug2023 19:40:00.000,
15511,07Aug2023 20:02:42.000,
15569,07Aug2023 19:20:36.000,
15602,07Aug2023 20:03:13.000,
15615,07Aug2023 16:47:29.000,
15618,07Aug2023 20:03:22.000,
15624,07Aug2023 16:47:37.000,
15625,07Aug2023 19:21:44.000,
15659,07Aug2023 20:03:40.000,
15661,07Aug2023 19:45:39.000,
1573,17Aug2023 1:12:28.000,
15731,10Aug2023 15:52:33.000,30000
15731,23Sep2023 10:45:01.000,30000
15731,13Oct2023 10:40:25.000,30000
15731,26Oct2023 10:48:42.000,30000
15738,07Aug2023 18:03:02.000,
15747,07Aug2023 18:03:20.000,
15748,07Aug2023 18:03:21.000,
15767,07Aug2023 17:54:21.000,
15857,07Aug2023 16:57:21.000,
15912,01Aug2023 10:20:45.000,30000
15912,08Aug2023 10:20:45.000,30000
15912,15Aug2023 10:20:45.000,30000
15912,22Aug2023 10:20:45.000,30000
15912,29Aug2023 10:20:45.000,30000
15912,07Sep2023 11:09:48.000,30000
15912,14Sep2023 11:09:48.000,30000
15912,26Sep2023 10:30:51.000,30000
15912,03Oct2023 10:30:51.000,30000
15912,10Oct2023 10:30:51.000,30000
15912,17Oct2023 10:30:51.000,30000
15912,24Oct2023 10:30:51.000,30000
15912,31Oct2023 10:30:51.000,30000
15960,16Aug2023 16:54:29.000,
16063,16Aug2023 16:55:03.000,
16079,26Aug2023 9:20:42.000,50000
16079,26Sep2023 9:20:42.000,50000
16079,26Oct2023 9:20:42.000,50000
16080,16Aug2023 17:53:55.000,
16088,16Aug2023 16:55:21.000,
16106,16Aug2023 17:35:28.000,
16133,16Aug2023 17:35:45.000,
16164,16Aug2023 18:31:01.000,
16179,16Aug2023 16:36:29.000,
1631,17Aug2023 0:45:01.000,
16337,16Aug2023 16:36:53.000,
16340,16Aug2023 17:36:31.000,
16350,16Aug2023 19:00:07.000,
16358,16Aug2023 17:36:57.000,
16366,16Aug2023 17:27:41.000,
16370,16Aug2023 19:00:34.000,
16430,16Aug2023 17:28:28.000,
16439,16Aug2023 17:28:34.000,
16452,16Aug2023 19:09:10.000,
16466,16Aug2023 16:43:30.000,
16503,16Aug2023 18:33:29.000,
16517,16Aug2023 17:29:50.000,
16544,16Aug2023 17:08:29.000,
16545,13Sep2023 19:08:25.000,30000
16545,23Sep2023 18:08:17.000,30000
16545,30Sep2023 18:08:17.000,30000
16545,20Oct2023 10:10:10.000,30000
16556,16Aug2023 17:08:40.000,
16565,16Aug2023 17:30:39.000,
16573,16Aug2023 16:30:59.000,
16574,16Aug2023 19:11:29.000,
16584,16Aug2023 16:31:27.000,
16586,16Aug2023 17:31:21.000,
16600,16Aug2023 16:59:51.000,
16628,16Aug2023 17:45:40.000,
16752,16Aug2023 17:15:37.000,
16759,16Aug2023 18:45:04.000,
16760,16Aug2023 16:33:51.000,
16762,16Aug2023 18:45:12.000,
16768,16Aug2023 17:11:07.000,
16776,16Aug2023 16:52:37.000,
16789,13Sep2023 13:17:57.000,
16796,16Aug2023 17:34:06.000,
16801,16Aug2023 17:16:39.000,
16804,05Aug2023 12:14:45.000,30000
16804,12Aug2023 12:14:45.000,30000
16804,19Aug2023 12:14:45.000,30000
16804,26Aug2023 12:14:45.000,30000
16804,02Sep2023 12:14:45.000,30000
16804,09Sep2023 12:14:45.000,30000
16804,16Sep2023 12:14:45.000,30000
16804,23Sep2023 12:14:45.000,30000
16804,30Sep2023 12:14:45.000,30000
16804,07Oct2023 12:14:45.000,30000
16804,14Oct2023 12:14:45.000,30000
16804,21Oct2023 12:14:45.000,30000
16804,28Oct2023 12:14:45.000,30000
16867,16Aug2023 17:49:20.000,
16870,16Aug2023 16:53:40.000,
16884,16Aug2023 17:37:58.000,
16895,16Aug2023 17:17:43.000,
16898,16Aug2023 17:12:25.000,
16899,16Aug2023 19:26:47.000,
16906,16Aug2023 19:28:11.000,
16913,16Aug2023 17:00:53.000,
16926,16Aug2023 18:50:10.000,
16929,16Aug2023 17:13:21.000,
16937,16Aug2023 16:39:08.000,
16939,16Aug2023 17:21:24.000,
16945,16Aug2023 17:01:30.000,
16955,16Aug2023 17:02:00.000,
16957,16Aug2023 18:50:44.000,
16964,16Aug2023 17:18:43.000,
16967,16Aug2023 16:40:38.000,
16968,16Aug2023 17:02:47.000,
16974,16Aug2023 18:51:29.000,
16975,16Aug2023 16:41:00.000,
16978,16Aug2023 17:41:01.000,
16988,16Aug2023 18:51:46.000,
16990,16Aug2023 18:51:50.000,
16997,16Aug2023 17:03:21.000,
16999,16Aug2023 17:03:22.000,
17057,16Aug2023 17:06:02.000,
17060,16Aug2023 17:20:21.000,
17066,16Aug2023 17:24:58.000,
17086,16Aug2023 18:54:28.000,
17088,16Aug2023 17:20:29.000,
17104,16Aug2023 19:10:50.000,
17126,04Aug2023 13:45:34.000,30000
17126,11Aug2023 13:45:34.000,30000
17126,18Aug2023 13:45:34.000,30000
17126,25Aug2023 13:45:34.000,30000
17126,01Sep2023 13:45:34.000,30000
17126,08Sep2023 13:45:34.000,30000
17126,15Sep2023 13:45:34.000,30000
17126,22Sep2023 13:45:34.000,30000
17126,29Sep2023 13:45:34.000,30000
17126,06Oct2023 13:45:34.000,30000
17126,13Oct2023 13:45:34.000,30000
17126,20Oct2023 13:45:34.000,30000
17126,27Oct2023 13:45:34.000,30000
17157,14Aug2023 9:23:33.000,50000
17157,14Sep2023 9:23:33.000,50000
17157,14Oct2023 9:23:33.000,50000
1731,17Aug2023 2:27:40.000,
17317,18Aug2023 15:51:49.000,30000
17317,25Aug2023 15:51:49.000,30000
17317,01Sep2023 15:51:49.000,30000
17317,14Sep2023 9:39:22.000,30000
17317,21Sep2023 9:39:22.000,30000
17317,28Sep2023 13:04:08.000,30000
17317,05Oct2023 13:04:08.000,30000
17317,12Oct2023 13:04:08.000,30000
17317,19Oct2023 13:04:08.000,30000
17393,08Aug2023 15:54:32.000,30000
17393,15Aug2023 15:54:32.000,30000
17393,22Aug2023 15:54:32.000,30000
17393,29Aug2023 15:54:32.000,30000
18068,14Aug2023 9:48:22.000,50000
18068,14Oct2023 9:15:06.000,50000
18093,01Aug2023 18:39:26.000,30000
18093,08Aug2023 18:39:26.000,30000
18093,15Aug2023 18:39:26.000,30000
18093,22Aug2023 18:39:26.000,30000
18093,29Aug2023 18:39:26.000,30000
18093,05Sep2023 18:39:26.000,30000
18093,12Sep2023 18:39:26.000,30000
18093,19Sep2023 18:39:26.000,30000
18093,26Sep2023 18:39:26.000,30000
18093,03Oct2023 18:39:26.000,30000
18093,10Oct2023 18:39:26.000,30000
18093,17Oct2023 18:39:26.000,30000
18093,24Oct2023 18:39:26.000,30000
18093,31Oct2023 18:39:26.000,30000
18152,15Aug2023 21:01:39.000,50000
18152,15Sep2023 21:01:39.000,50000
18152,15Oct2023 21:01:39.000,50000
18321,07Aug2023 10:09:09.000,30000
18321,14Aug2023 11:12:23.000,30000
18321,21Aug2023 11:12:23.000,30000
18321,28Aug2023 11:57:56.000,30000
18321,04Sep2023 11:57:56.000,30000
18321,11Sep2023 11:57:56.000,30000
18321,18Sep2023 11:57:56.000,30000
18321,25Sep2023 11:57:56.000,30000
18321,02Oct2023 11:57:56.000,30000
18321,09Oct2023 11:57:56.000,30000
18321,16Oct2023 11:57:56.000,30000
18321,25Oct2023 19:43:09.000,30000
1845,17Aug2023 0:45:34.000,
1849,16Aug2023 23:28:52.000,
1864,11Aug2023 9:50:32.000,30000
1864,18Aug2023 9:50:32.000,30000
18651,16Aug2023 20:12:14.000,
19208,16Aug2023 23:36:44.000,
19239,17Aug2023 2:06:49.000,
19259,16Aug2023 23:28:33.000,
19469,17Aug2023 1:17:11.000,
19482,17Aug2023 2:34:49.000,
19500,17Aug2023 2:11:04.000,
19621,17Aug2023 0:43:09.000,
19622,17Aug2023 2:13:22.000,
2116,16Aug2023 23:39:51.000,
21204,11Aug2023 13:44:11.000,
2139,17Aug2023 1:15:56.000,
2140,17Aug2023 2:09:28.000,
2147,17Aug2023 0:27:02.000,
21489,01Aug2023 12:19:11.000,
21505,01Aug2023 10:05:01.000,
2151,14Aug2023 8:33:01.000,50000
2151,14Sep2023 8:33:01.000,50000
2151,14Oct2023 8:33:01.000,50000
21515,01Aug2023 12:19:38.000,
21525,01Aug2023 11:49:30.000,
21528,01Aug2023 10:05:21.000,
21544,01Aug2023 11:23:07.000,
21545,01Aug2023 11:49:42.000,
21564,01Aug2023 10:59:05.000,
21571,10Sep2023 14:35:34.000,30000
21596,01Aug2023 11:23:56.000,
216,09Oct2023 22:38:21.000,
21610,01Aug2023 11:24:03.000,
21623,01Aug2023 12:06:31.000,
21652,01Aug2023 11:24:28.000,
21653,01Aug2023 12:21:37.000,
21654,01Aug2023 11:24:29.000,
2167,17Aug2023 1:16:11.000,
21670,01Aug2023 11:18:24.000,
21689,01Aug2023 11:18:35.000,
21706,01Aug2023 11:55:29.000,
21708,01Aug2023 11:03:46.000,
21714,01Aug2023 12:22:08.000,
21730,01Aug2023 12:07:03.000,
21745,01Aug2023 11:25:13.000,
21749,01Aug2023 11:25:16.000,
21763,01Aug2023 11:05:27.000,
21765,01Aug2023 10:07:57.000,
21814,01Aug2023 11:06:14.000,
21816,15Aug2023 14:21:35.000,
21818,01Aug2023 10:53:28.000,
21820,01Aug2023 11:26:25.000,
21821,01Aug2023 11:26:27.000,
21829,01Aug2023 11:57:28.000,
21843,01Aug2023 11:26:37.000,
21857,01Aug2023 11:21:16.000,
21861,01Aug2023 10:54:07.000,
2187,17Aug2023 2:09:59.000,
21891,01Aug2023 15:26:06.000,
2190,16Aug2023 23:31:22.000,
21906,02Aug2023 11:55:36.000,30000
21906,10Aug2023 7:13:05.000,30000
21906,17Aug2023 7:13:05.000,30000
21906,02Sep2023 8:52:02.000,30000
21922,01Aug2023 10:55:22.000,
21928,01Aug2023 12:15:56.000,
21936,01Aug2023 15:26:42.000,
21950,01Aug2023 15:27:12.000,
21951,01Aug2023 11:31:13.000,
21953,01Aug2023 10:56:10.000,
21967,01Aug2023 15:27:31.000,
21971,01Aug2023 11:31:40.000,
21972,01Aug2023 11:53:52.000,
21980,01Aug2023 11:30:16.000,
21982,01Aug2023 11:31:51.000,
21983,01Aug2023 11:54:12.000,
21995,01Aug2023 10:57:31.000,
21998,01Aug2023 11:10:25.000,
22009,01Aug2023 11:10:36.000,
2201,17Aug2023 0:59:51.000,
22036,01Aug2023 10:00:54.000,
22047,01Aug2023 11:10:52.000,
22053,15Aug2023 11:56:24.000,30000
22053,22Aug2023 11:56:24.000,30000
22053,29Aug2023 11:56:24.000,30000
22067,01Aug2023 10:58:19.000,
22071,01Aug2023 12:10:25.000,
22074,01Aug2023 10:58:29.000,
22096,01Aug2023 10:58:40.000,
22098,01Aug2023 15:29:24.000,
221,09Oct2023 23:01:16.000,
22104,01Aug2023 11:36:11.000,
22137,01Aug2023 11:36:57.000,
22146,01Aug2023 12:11:30.000,
22160,01Aug2023 10:03:13.000,
22167,01Aug2023 12:00:40.000,
2217,05Aug2023 10:05:39.000,30000
2217,12Aug2023 10:43:28.000,30000
2217,19Aug2023 11:00:09.000,30000
2217,26Aug2023 11:39:01.000,30000
2217,02Sep2023 11:39:01.000,30000
2217,09Sep2023 13:37:51.000,30000
2217,16Sep2023 14:48:35.000,30000
2217,23Sep2023 15:02:12.000,30000
2217,30Sep2023 15:28:21.000,30000
2217,07Oct2023 15:28:21.000,30000
2217,14Oct2023 16:41:41.000,30000
2217,21Oct2023 18:12:40.000,30000
2217,28Oct2023 18:25:10.000,30000
22177,01Aug2023 11:37:17.000,
22179,01Aug2023 11:00:57.000,
22192,01Aug2023 11:40:31.000,
22199,01Aug2023 11:01:11.000,
22209,01Aug2023 12:13:27.000,
22258,01Aug2023 15:31:46.000,
22265,01Aug2023 11:01:58.000,
2227,17Aug2023 0:39:48.000,
22290,01Aug2023 10:06:26.000,
22294,01Aug2023 10:06:30.000,
22296,01Aug2023 11:02:28.000,
22299,01Aug2023 15:32:35.000,
22309,01Aug2023 12:03:48.000,
22409,02Aug2023 2:07:15.000,
22415,01Aug2023 22:46:24.000,
2242,16Aug2023 23:23:41.000,
2245,17Aug2023 2:34:47.000,
2246,17Aug2023 0:39:58.000,
225,17Aug2023 18:51:05.000,50000
225,17Sep2023 18:51:05.000,50000
225,17Oct2023 18:51:05.000,50000
22526,14Aug2023 18:47:41.000,30000
2271,12Aug2023 14:54:24.000,30000
2273,16Aug2023 23:49:32.000,
2275,16Aug2023 23:49:35.000,
2304,17Aug2023 0:40:26.000,
2310,17Aug2023 0:40:33.000,
2313,16Aug2023 23:50:09.000,
2314,17Aug2023 2:35:41.000,
2315,17Aug2023 1:01:35.000,
2318,17Aug2023 1:26:44.000,
23231,02Aug2023 0:17:30.000,
23264,02Aug2023 2:15:00.000,
23265,02Aug2023 0:36:37.000,
23277,02Aug2023 1:16:30.000,
2329,17Aug2023 1:27:12.000,
23292,02Aug2023 2:17:18.000,
23294,02Aug2023 2:17:22.000,
23298,01Aug2023 22:47:14.000,
23301,01Aug2023 23:07:12.000,
23306,01Aug2023 23:07:16.000,
23328,02Aug2023 2:18:02.000,
23336,02Aug2023 1:26:45.000,
23355,02Aug2023 0:22:07.000,
23377,02Aug2023 2:19:39.000,
23388,02Aug2023 1:53:45.000,
23389,02Aug2023 1:53:48.000,
23390,02Aug2023 1:27:59.000,
23394,01Aug2023 22:49:43.000,
23396,02Aug2023 2:19:56.000,
23403,01Aug2023 23:30:08.000,
23404,02Aug2023 0:44:49.000,
23413,01Aug2023 23:30:33.000,
23424,02Aug2023 1:54:27.000,
23433,02Aug2023 1:25:00.000,
23449,02Aug2023 2:25:00.000,
23481,02Aug2023 1:56:07.000,
23503,02Aug2023 0:47:21.000,
23507,02Aug2023 1:33:40.000,
23519,02Aug2023 0:47:43.000,
2352,17Aug2023 1:07:22.000,
23564,02Aug2023 0:32:06.000,
23570,02Aug2023 1:37:17.000,
23585,01Aug2023 23:46:49.000,
2363,16Aug2023 23:51:17.000,
23763,02Aug2023 1:05:02.000,
23774,02Aug2023 1:46:38.000,
23780,01Aug2023 23:49:27.000,
23781,02Aug2023 2:04:28.000,
23787,02Aug2023 0:42:49.000,
23789,01Aug2023 23:59:57.000,
2380,03Aug2023 17:48:58.000,30000
2380,10Aug2023 17:48:58.000,30000
2380,17Aug2023 17:48:58.000,30000
2380,24Aug2023 17:48:58.000,30000
2380,31Aug2023 17:48:58.000,30000
2380,07Sep2023 17:48:58.000,30000
2380,14Sep2023 17:48:58.000,30000
2380,21Sep2023 17:48:58.000,30000
2380,28Sep2023 17:48:58.000,30000
2380,05Oct2023 17:48:58.000,30000
2380,12Oct2023 17:48:58.000,30000
2380,19Oct2023 17:48:58.000,30000
2380,26Oct2023 17:48:58.000,30000
23825,01Aug2023 22:55:20.000,
23827,01Aug2023 23:50:43.000,
23841,02Aug2023 1:08:23.000,
23856,02Aug2023 1:09:39.000,
23863,02Aug2023 0:48:34.000,
23872,02Aug2023 2:38:28.000,
23873,02Aug2023 2:08:01.000,
23889,02Aug2023 0:08:27.000,
2391,16Aug2023 23:43:41.000,
23912,02Aug2023 2:40:22.000,
2392,28Aug2023 19:43:51.000,50000
2392,28Sep2023 19:43:51.000,50000
2392,28Oct2023 19:43:51.000,50000
23926,02Aug2023 0:03:28.000,
23933,02Aug2023 0:10:24.000,
23937,02Aug2023 1:20:55.000,
23940,02Aug2023 2:41:27.000,
23949,01Aug2023 23:17:53.000,
23950,01Aug2023 23:42:48.000,
23959,01Aug2023 23:43:12.000,
23999,02Aug2023 2:13:57.000,
24026,01Aug2023 23:44:23.000,
24028,02Aug2023 2:15:44.000,
24029,02Aug2023 0:20:44.000,
24031,01Aug2023 23:44:47.000,
24033,01Aug2023 23:20:27.000,
24045,02Aug2023 0:59:35.000,
24047,02Aug2023 0:12:22.000,
24050,02Aug2023 2:21:25.000,
24052,02Aug2023 2:21:46.000,
24054,01Aug2023 23:54:28.000,
24056,01Aug2023 22:54:05.000,
24057,01Aug2023 23:38:47.000,
24092,01Aug2023 22:54:50.000,
24119,01Aug2023 23:16:16.000,
24121,02Aug2023 2:26:01.000,
2413,17Aug2023 2:40:49.000,
24155,03Aug2023 17:20:55.000,
24161,03Aug2023 16:28:27.000,
24162,03Aug2023 16:28:32.000,
24163,03Aug2023 17:55:27.000,
24181,03Aug2023 18:32:34.000,
24182,03Aug2023 16:42:48.000,
24194,03Aug2023 17:22:15.000,
24216,03Aug2023 16:51:53.000,
24219,03Aug2023 16:30:32.000,
24242,03Aug2023 17:56:59.000,
24244,03Aug2023 17:57:06.000,
24248,03Aug2023 17:23:49.000,
24249,03Aug2023 19:06:53.000,
24255,03Aug2023 17:23:59.000,
24311,03Aug2023 19:32:29.000,
24322,03Aug2023 17:37:35.000,
24324,03Aug2023 16:40:42.000,
24329,03Aug2023 17:17:26.000,
24333,03Aug2023 19:09:50.000,
24338,03Aug2023 16:41:24.000,
24343,03Aug2023 18:47:06.000,
24366,03Aug2023 19:35:11.000,
24402,03Aug2023 19:10:31.000,
24405,03Aug2023 19:35:42.000,
24412,03Aug2023 17:01:11.000,
24413,03Aug2023 16:44:10.000,
24415,03Aug2023 16:44:11.000,
24417,03Aug2023 19:10:53.000,
24443,03Aug2023 19:36:52.000,
24444,03Aug2023 18:48:34.000,
24446,03Aug2023 17:20:04.000,
24455,03Aug2023 16:48:02.000,
24463,03Aug2023 18:43:56.000,
24467,03Aug2023 17:42:00.000,
24468,03Aug2023 16:48:59.000,
24472,03Aug2023 19:39:32.000,
24494,03Aug2023 18:44:28.000,
24512,03Aug2023 18:53:55.000,
24516,03Aug2023 18:46:25.000,
24523,03Aug2023 19:13:36.000,
24564,03Aug2023 19:42:45.000,
24565,03Aug2023 19:42:46.000,
2458,16Aug2023 23:44:17.000,
24587,03Aug2023 19:43:27.000,
24599,03Aug2023 16:56:49.000,
24602,03Aug2023 17:15:00.000,
24605,03Aug2023 16:56:51.000,
24606,03Aug2023 17:15:07.000,
24607,03Aug2023 18:00:56.000,
24609,03Aug2023 16:56:54.000,
24676,03Aug2023 16:12:06.000,
24693,03Aug2023 16:58:48.000,
24706,03Aug2023 16:12:40.000,
24715,03Aug2023 18:57:23.000,
24721,03Aug2023 17:51:00.000,
24724,03Aug2023 18:11:37.000,
24726,03Aug2023 16:13:12.000,
24727,03Aug2023 19:46:36.000,
24728,03Aug2023 17:51:23.000,
24729,03Aug2023 17:00:00.000,
24730,03Aug2023 18:12:19.000,
24733,03Aug2023 17:30:28.000,
24738,03Aug2023 18:12:58.000,
24749,03Aug2023 19:19:55.000,
24763,03Aug2023 18:59:49.000,
24767,03Aug2023 16:15:06.000,
24783,03Aug2023 19:48:29.000,
24835,03Aug2023 19:49:35.000,
24845,03Aug2023 19:21:22.000,
24846,03Aug2023 18:06:10.000,
24866,03Aug2023 19:50:41.000,
24870,03Aug2023 17:11:38.000,
24875,03Aug2023 16:16:27.000,
24879,03Aug2023 16:16:40.000,
24894,03Aug2023 18:08:04.000,
24905,03Aug2023 18:23:53.000,
24906,03Aug2023 19:51:42.000,
24907,03Aug2023 19:51:43.000,
24908,03Aug2023 18:08:38.000,
24909,03Aug2023 16:18:19.000,
24914,03Aug2023 16:18:26.000,
24915,03Aug2023 19:51:52.000,
24917,03Aug2023 16:23:19.000,
2494,17Aug2023 1:29:48.000,
24940,03Aug2023 17:26:15.000,
24947,03Aug2023 17:26:30.000,
2495,16Aug2023 23:52:38.000,
24979,03Aug2023 17:27:23.000,
24990,03Aug2023 16:32:26.000,
2500,16Aug2023 23:44:53.000,
25018,03Aug2023 19:55:11.000,
25020,03Aug2023 16:26:11.000,
25024,03Aug2023 17:29:14.000,
25025,03Aug2023 19:55:29.000,
25028,03Aug2023 18:31:15.000,
25031,03Aug2023 16:26:14.000,
25035,03Aug2023 18:31:22.000,
25037,03Aug2023 18:04:35.000,
25039,03Aug2023 16:26:37.000,
25048,03Aug2023 16:34:24.000,
25052,03Aug2023 16:34:43.000,
25054,03Aug2023 18:22:54.000,
25055,03Aug2023 18:05:33.000,
25065,03Aug2023 18:23:09.000,
25069,03Aug2023 18:34:06.000,
25070,03Aug2023 17:43:22.000,
25101,03Aug2023 19:38:13.000,
25123,03Aug2023 18:35:32.000,
25159,07Aug2023 18:26:27.000,
25189,07Aug2023 17:05:58.000,
25192,07Aug2023 18:10:24.000,
25195,07Aug2023 19:32:13.000,
25196,07Aug2023 17:01:13.000,
25198,07Aug2023 17:51:21.000,
25200,07Aug2023 18:10:32.000,
25225,07Aug2023 17:51:58.000,
25237,07Aug2023 19:33:11.000,
25240,07Aug2023 17:02:16.000,
25241,07Aug2023 18:11:18.000,
25243,07Aug2023 17:07:19.000,
25262,07Aug2023 19:33:26.000,
25267,07Aug2023 20:09:39.000,
25270,07Aug2023 17:02:39.000,
25305,07Aug2023 18:42:25.000,
25333,07Aug2023 18:43:07.000,
25340,07Aug2023 18:43:10.000,
25430,07Aug2023 18:00:05.000,
25433,07Aug2023 18:37:20.000,
2545,19Aug2023 12:09:56.000,30000
2545,26Aug2023 12:09:56.000,30000
2545,03Sep2023 11:01:58.000,30000
2568,23Aug2023 14:13:13.000,50000
2568,23Sep2023 14:13:13.000,50000
2568,23Oct2023 18:10:51.000,50000
25723,07Sep2023 17:20:02.000,
25771,07Aug2023 17:19:37.000,
25775,07Aug2023 18:33:08.000,
25784,07Aug2023 20:18:02.000,
25791,07Aug2023 20:18:03.000,
25822,07Aug2023 18:33:54.000,
25827,07Aug2023 18:33:57.000,
25832,07Aug2023 19:16:41.000,
25884,07Aug2023 17:25:51.000,
25885,07Aug2023 17:25:54.000,
25943,07Aug2023 19:51:12.000,
25957,07Aug2023 17:21:20.000,
25994,07Aug2023 19:23:14.000,
26002,07Aug2023 19:23:18.000,
26017,07Aug2023 19:09:19.000,
26083,07Aug2023 17:27:34.000,
26085,07Aug2023 17:32:18.000,
26096,06Oct2023 9:20:41.000,
26101,07Aug2023 18:16:52.000,
26104,07Aug2023 16:31:41.000,
26105,07Aug2023 18:49:12.000,
26110,05Aug2023 18:30:57.000,30000
26110,12Aug2023 18:30:57.000,30000
26110,19Aug2023 18:30:57.000,30000
26110,26Aug2023 18:30:57.000,30000
26110,02Sep2023 18:30:57.000,30000
26110,09Sep2023 18:30:57.000,30000
26110,16Sep2023 18:30:57.000,30000
26110,23Sep2023 18:30:57.000,30000
26110,30Sep2023 18:30:57.000,30000
26110,07Oct2023 18:30:57.000,30000
26116,07Aug2023 16:31:51.000,
26134,07Aug2023 17:33:01.000,
26139,07Aug2023 17:33:05.000,
26145,07Aug2023 18:49:39.000,
26153,07Aug2023 19:53:56.000,
26158,07Aug2023 19:54:01.000,
26194,07Aug2023 19:26:14.000,
26232,07Aug2023 16:32:44.000,
26235,07Aug2023 19:54:26.000,
26259,07Aug2023 18:27:37.000,
26264,07Aug2023 17:29:47.000,
26266,07Aug2023 19:55:26.000,
26286,07Aug2023 19:27:14.000,
26298,07Aug2023 19:13:13.000,
26300,07Aug2023 17:34:51.000,
26305,07Aug2023 19:55:46.000,
26309,07Aug2023 18:28:16.000,
26312,07Aug2023 16:34:04.000,
26331,07Aug2023 19:56:25.000,
26336,07Aug2023 19:56:38.000,
26339,07Aug2023 16:35:04.000,
26340,07Aug2023 17:33:36.000,
26343,07Aug2023 18:29:14.000,
26344,07Aug2023 16:35:08.000,
26360,07Aug2023 17:38:43.000,
26361,07Aug2023 19:04:52.000,
26371,07Aug2023 18:29:49.000,
26374,07Aug2023 17:36:19.000,
26384,07Aug2023 19:57:15.000,
26391,07Aug2023 17:41:29.000,
26398,07Aug2023 17:36:38.000,
26412,07Aug2023 19:30:27.000,
26415,07Aug2023 17:36:45.000,
26462,07Aug2023 16:43:16.000,
26470,07Aug2023 16:43:21.000,
26475,07Aug2023 16:43:41.000,
26487,07Aug2023 17:38:45.000,
26799,07Aug2023 17:40:30.000,
26846,07Aug2023 19:18:42.000,
269,09Oct2023 23:42:56.000,
26916,07Aug2023 17:46:07.000,
26919,07Aug2023 16:46:28.000,
26926,07Aug2023 20:02:25.000,
26929,07Aug2023 19:39:57.000,
26940,07Aug2023 19:20:20.000,
26942,07Aug2023 19:20:21.000,
26975,07Aug2023 20:03:14.000,
26977,07Aug2023 17:47:12.000,
26980,07Aug2023 19:40:51.000,
27091,07Aug2023 16:56:36.000,
27101,07Aug2023 19:02:52.000,
27102,07Aug2023 16:54:41.000,
27119,07Aug2023 19:47:06.000,
27140,03Aug2023 15:01:48.000,
27259,16Aug2023 17:53:04.000,
27349,16Aug2023 17:53:41.000,
27350,16Aug2023 16:55:04.000,
27356,16Aug2023 16:35:43.000,
27357,16Aug2023 17:35:15.000,
27378,16Aug2023 17:35:30.000,
27544,16Aug2023 17:27:28.000,
27590,16Aug2023 16:56:27.000,
27592,16Aug2023 17:28:13.000,
276,09Oct2023 22:29:58.000,
27600,16Aug2023 17:28:21.000,
27602,16Aug2023 16:56:45.000,
27605,16Aug2023 17:42:10.000,
27673,16Aug2023 18:33:20.000,
27676,16Aug2023 19:09:48.000,
27713,16Aug2023 16:30:26.000,
27742,16Aug2023 17:45:11.000,
278,09Oct2023 22:30:00.000,
27876,16Aug2023 16:34:05.000,
27880,16Aug2023 16:34:06.000,
27964,16Aug2023 16:53:53.000,
27970,16Aug2023 17:50:06.000,
27977,16Aug2023 16:38:54.000,
2850,16Aug2023 23:30:28.000,50000
2850,16Sep2023 23:30:28.000,50000
2850,16Oct2023 23:30:28.000,50000
2861,17Aug2023 2:44:29.000,
2886,17Aug2023 0:01:15.000,
2926,17Aug2023 0:54:11.000,
293,09Oct2023 23:43:04.000,
2955,29Sep2023 9:48:23.000,50000
2955,29Oct2023 9:48:23.000,50000
3004,17Aug2023 1:21:26.000,
3015,16Aug2023 23:37:23.000,
315,16Aug2023 20:08:25.000,
3181,17Aug2023 0:55:30.000,
3215,17Aug2023 11:53:46.000,50000
3215,17Sep2023 11:53:46.000,50000
3215,17Oct2023 11:53:46.000,50000
3249,16Aug2023 23:37:52.000,
3250,26Aug2023 20:57:24.000,30000
3250,02Sep2023 20:57:24.000,30000
3250,19Sep2023 11:11:51.000,30000
3250,28Sep2023 15:16:53.000,30000
3276,17Aug2023 2:16:38.000,
3341,30Aug2023 4:42:10.000,50000
3532,05Aug2023 19:36:42.000,
3633,26Aug2023 12:41:41.000,50000
3633,26Sep2023 12:41:41.000,50000
3633,26Oct2023 14:37:33.000,50000
3814,17Aug2023 1:43:52.000,
3856,17Aug2023 1:44:03.000,
3929,07Aug2023 20:55:18.000,30000
3929,14Aug2023 20:55:18.000,30000
3929,21Aug2023 20:55:18.000,30000
3929,28Aug2023 20:55:18.000,30000
3929,04Sep2023 20:55:18.000,30000
3929,11Sep2023 20:55:18.000,30000
3929,18Sep2023 20:55:18.000,30000
3929,25Sep2023 20:55:18.000,30000
3929,02Oct2023 20:55:18.000,30000
3929,09Oct2023 20:55:18.000,30000
3929,16Oct2023 20:55:18.000,30000
3929,23Oct2023 20:55:18.000,30000
3929,31Oct2023 7:46:33.000,30000
3977,17Aug2023 1:04:21.000,
4122,09Aug2023 0:44:01.000,30000
4348,14Aug2023 11:43:59.000,50000
4348,14Sep2023 11:43:59.000,50000
4348,14Oct2023 15:36:15.000,50000
4517,19Aug2023 10:36:34.000,50000
4517,19Sep2023 10:36:34.000,50000
4517,19Oct2023 10:36:34.000,50000
454,16Aug2023 19:36:18.000,
4582,09Aug2023 18:27:54.000,50000
4582,09Sep2023 18:27:54.000,50000
4582,09Oct2023 18:27:54.000,50000
4658,14Aug2023 9:44:53.000,50000
4658,14Sep2023 9:44:53.000,50000
4658,14Oct2023 13:32:25.000,50000
468,16Aug2023 20:10:43.000,
4835,04Aug2023 22:24:59.000,30000
4835,11Aug2023 22:24:59.000,30000
4835,18Aug2023 22:24:59.000,30000
4835,25Aug2023 22:24:59.000,30000
4835,01Sep2023 22:24:59.000,30000
4835,08Sep2023 22:24:59.000,30000
4835,15Sep2023 22:24:59.000,30000
4835,22Sep2023 22:24:59.000,30000
4835,29Sep2023 22:24:59.000,30000
4835,07Oct2023 11:44:41.000,30000
4835,14Oct2023 11:44:41.000,30000
4835,21Oct2023 11:44:41.000,30000
4835,28Oct2023 11:44:41.000,30000
485,16Aug2023 19:21:13.000,
4886,17Aug2023 0:19:59.000,
4901,16Aug2023 23:59:22.000,
4909,17Aug2023 1:40:19.000,
4912,16Aug2023 23:06:12.000,
4918,17Aug2023 0:20:21.000,
4930,17Aug2023 1:18:46.000,
494,16Aug2023 19:56:12.000,
4970,17Aug2023 1:47:44.000,
5018,17Aug2023 0:00:04.000,
5060,17Aug2023 1:47:58.000,
5163,17Aug2023 0:31:13.000,
5187,17Aug2023 0:21:38.000,
523,16Aug2023 19:56:29.000,
5278,17Aug2023 0:01:57.000,
5341,16Aug2023 23:10:29.000,
5373,17Aug2023 0:02:26.000,
5395,09Aug2023 8:50:23.000,50000
5395,09Sep2023 8:50:23.000,50000
5395,09Oct2023 8:50:23.000,50000
5396,28Sep2023 9:12:32.000,30000
5396,05Oct2023 9:12:32.000,30000
5396,12Oct2023 9:12:32.000,30000
5396,19Oct2023 9:12:32.000,30000
5396,26Oct2023 9:12:32.000,30000
5397,17Aug2023 0:22:21.000,
5414,17Aug2023 1:20:48.000,
5451,17Aug2023 2:25:54.000,
5455,17Aug2023 1:50:04.000,
5456,17Aug2023 2:25:57.000,
5520,27Oct2023 16:59:30.000,
5606,09Aug2023 8:36:52.000,50000
5606,09Sep2023 8:36:52.000,50000
5606,09Oct2023 8:36:52.000,50000
5626,17Aug2023 0:11:34.000,
5637,26Oct2023 16:28:29.000,
5659,17Aug2023 1:51:23.000,
5663,17Aug2023 0:11:43.000,
5740,23Aug2023 12:04:17.000,50000
5740,23Sep2023 12:04:17.000,50000
5740,23Oct2023 12:04:17.000,50000
5751,11Aug2023 13:26:55.000,30000
5751,29Aug2023 11:53:37.000,30000
582,16Aug2023 19:22:10.000,
583,16Aug2023 18:05:46.000,
5832,16Aug2023 23:16:48.000,
5839,16Aug2023 23:16:50.000,
5851,16Aug2023 23:16:57.000,
5863,16Aug2023 22:52:56.000,
5877,17Aug2023 2:29:47.000,
5882,17Aug2023 2:29:48.000,
5886,16Aug2023 22:53:02.000,
5890,28Oct2023 13:30:45.000,
5928,17Aug2023 1:32:41.000,
594,16Aug2023 19:43:23.000,
5962,17Aug2023 2:00:22.000,
5972,17Aug2023 1:32:53.000,
5989,17Aug2023 1:32:58.000,
604,16Aug2023 19:57:27.000,
6165,22Sep2023 17:02:50.000,50000
6165,28Oct2023 15:28:04.000,50000
6168,17Aug2023 0:46:20.000,
6193,16Aug2023 22:53:52.000,
624,16Aug2023 18:23:55.000,
6242,17Aug2023 0:37:38.000,
6428,17Aug2023 1:34:20.000,
6437,01Aug2023 12:05:17.000,
6462,01Aug2023 12:19:59.000,
6476,16Aug2023 23:19:04.000,
6520,17Aug2023 0:16:15.000,
653,16Aug2023 18:28:55.000,
6559,17Aug2023 0:47:17.000,
656,16Aug2023 19:58:14.000,
657,16Aug2023 19:58:15.000,
6587,01Aug2023 10:06:53.000,
6631,17Aug2023 0:47:24.000,
6691,30Sep2023 17:55:54.000,30000
6691,07Oct2023 17:55:54.000,30000
6691,14Oct2023 17:55:54.000,30000
6691,21Oct2023 18:23:42.000,30000
6717,01Aug2023 11:18:47.000,
6755,17Aug2023 2:33:14.000,
6758,17Aug2023 0:38:42.000,
678,18Aug2023 11:30:41.000,50000
678,18Sep2023 11:30:41.000,50000
678,18Oct2023 11:30:41.000,50000
6792,01Aug2023 11:04:00.000,
6798,17Aug2023 0:28:02.000,
6800,27Oct2023 0:14:28.000,
6833,01Aug2023 11:04:19.000,
6856,01Aug2023 11:19:21.000,
6868,01Aug2023 11:25:29.000,
6876,01Aug2023 12:22:51.000,
6877,05Aug2023 13:40:40.000,50000
6877,05Sep2023 13:40:40.000,50000
6877,05Oct2023 13:40:40.000,50000
6899,17Aug2023 0:28:26.000,
6905,17Aug2023 2:36:40.000,
6939,01Aug2023 11:46:26.000,
6942,16Aug2023 23:21:04.000,
7033,17Aug2023 0:41:36.000,
7034,16Aug2023 23:24:10.000,
7051,01Aug2023 10:54:22.000,
7061,01Aug2023 12:14:30.000,
7089,17Aug2023 2:37:14.000,
7096,16Aug2023 23:24:23.000,
7137,17Aug2023 0:49:20.000,
7165,01Aug2023 11:52:15.000,
7202,01Aug2023 15:26:54.000,
7207,01Aug2023 12:16:19.000,
7209,01Aug2023 15:27:02.000,
7211,01Aug2023 10:55:57.000,
7242,01Aug2023 11:31:27.000,
7273,07Oct2023 21:19:37.000,50000
7282,12Aug2023 14:55:45.000,50000
7282,12Sep2023 14:55:45.000,50000
7282,12Oct2023 15:07:03.000,50000
7345,16Aug2023 20:44:26.000,50000
7345,16Sep2023 20:44:26.000,50000
7345,16Oct2023 20:44:26.000,50000
7420,01Aug2023 11:35:39.000,
7433,01Aug2023 11:32:51.000,
7446,01Aug2023 11:35:46.000,
7450,01Aug2023 11:32:53.000,
7511,01Aug2023 10:58:38.000,
7512,01Aug2023 11:11:22.000,
7520,01Aug2023 14:57:59.000,30000
7520,09Aug2023 9:36:46.000,30000
7520,16Aug2023 16:40:06.000,30000
7520,23Aug2023 16:40:06.000,30000
7520,30Aug2023 18:22:23.000,30000
7520,06Sep2023 18:22:23.000,30000
7520,14Sep2023 16:56:30.000,30000
7520,22Sep2023 9:47:05.000,30000
7520,30Sep2023 19:08:56.000,30000
7520,09Oct2023 14:38:43.000,30000
7520,18Oct2023 6:49:29.000,30000
7520,25Oct2023 16:10:57.000,30000
7531,01Aug2023 11:11:28.000,
7573,01Aug2023 11:00:07.000,
7581,01Aug2023 11:59:54.000,
7607,01Aug2023 12:00:25.000,
7610,01Aug2023 15:30:03.000,
7619,04Oct2023 17:48:29.000,30000
7619,17Oct2023 11:33:58.000,30000
7640,01Aug2023 11:40:24.000,
7646,01Aug2023 10:03:19.000,
7669,15Sep2023 22:47:33.000,50000
7669,15Oct2023 22:47:33.000,50000
7675,01Aug2023 15:30:24.000,
7695,01Aug2023 11:40:43.000,
777,04Aug2023 12:29:56.000,30000
777,11Aug2023 12:29:56.000,30000
777,18Aug2023 12:29:56.000,30000
777,25Aug2023 12:29:56.000,30000
777,01Sep2023 12:29:56.000,30000
777,08Sep2023 12:29:56.000,30000
777,15Sep2023 12:29:56.000,30000
777,26Sep2023 10:29:14.000,30000
777,03Oct2023 10:29:14.000,30000
777,10Oct2023 10:29:14.000,30000
777,17Oct2023 10:29:14.000,30000
777,25Oct2023 10:46:00.000,30000
7798,17Aug2023 9:42:26.000,50000
7798,17Sep2023 9:42:26.000,50000
7798,17Oct2023 9:42:26.000,50000
7856,01Aug2023 9:59:42.000,
7868,01Aug2023 12:03:20.000,
7930,01Aug2023 11:43:32.000,
7944,01Aug2023 15:33:22.000,
7946,01Aug2023 11:15:22.000,
7953,01Aug2023 15:33:32.000,
7977,01Aug2023 15:33:46.000,
7980,01Aug2023 11:15:49.000,
7994,29Aug2023 17:37:16.000,
8022,02Aug2023 1:14:35.000,
8090,02Aug2023 1:38:46.000,
8120,02Aug2023 1:12:48.000,
8131,02Aug2023 1:12:50.000,
8177,02Aug2023 2:09:22.000,
8186,02Aug2023 0:14:31.000,
8250,29Aug2023 18:43:10.000,
8251,29Aug2023 19:47:01.000,
8256,29Aug2023 16:45:20.000,
8275,29Aug2023 16:45:44.000,
8306,23Oct2023 20:49:09.000,35100
8316,29Aug2023 17:01:46.000,
8322,28Aug2023 10:21:06.000,50000
8322,28Sep2023 10:21:06.000,50000
8322,28Oct2023 10:21:06.000,50000
8326,05Aug2023 16:09:52.000,30000
8326,12Aug2023 16:09:52.000,30000
8326,19Aug2023 16:09:52.000,30000
8326,26Aug2023 16:09:52.000,30000
8326,02Sep2023 16:09:52.000,30000
8326,09Sep2023 16:09:52.000,30000
8326,16Sep2023 16:09:52.000,30000
8326,24Sep2023 11:35:09.000,30000
8326,01Oct2023 11:35:09.000,30000
8326,08Oct2023 11:35:09.000,30000
8326,15Oct2023 11:35:09.000,30000
8326,22Oct2023 11:35:09.000,30000
8326,29Oct2023 11:35:09.000,30000
8327,29Aug2023 18:44:27.000,
8336,29Aug2023 17:34:21.000,
8411,29Aug2023 19:05:31.000,
8446,29Aug2023 17:41:31.000,
8453,29Aug2023 18:01:03.000,
8454,29Aug2023 19:05:42.000,
8456,12Aug2023 12:42:21.000,30000
8456,19Aug2023 12:42:21.000,30000
8456,26Aug2023 12:42:21.000,30000
8456,26Sep2023 5:27:38.000,30000
8486,20Aug2023 10:55:46.000,30000
8486,27Aug2023 10:55:46.000,30000
8486,03Sep2023 10:55:46.000,30000
8486,10Sep2023 10:55:46.000,30000
8486,17Sep2023 10:55:46.000,30000
8486,24Sep2023 10:55:46.000,30000
8486,01Oct2023 10:55:46.000,30000
8486,08Oct2023 10:55:46.000,30000
8486,15Oct2023 10:55:46.000,30000
8486,22Oct2023 10:55:46.000,30000
8486,29Oct2023 10:55:46.000,30000
850,03Aug2023 8:30:31.000,30000
850,10Aug2023 8:30:31.000,30000
850,19Aug2023 14:39:34.000,30000
850,26Aug2023 16:15:55.000,30000
8558,29Aug2023 16:29:52.000,
856,16Aug2023 18:39:20.000,
8565,17Aug2023 11:51:58.000,50000
8565,17Sep2023 11:51:58.000,50000
8565,18Oct2023 6:49:05.000,50000
8569,04Aug2023 10:36:08.000,30000
8569,11Aug2023 10:36:08.000,30000
8569,18Aug2023 10:36:08.000,30000
8569,25Aug2023 10:36:08.000,30000
8569,01Sep2023 10:36:08.000,30000
8569,08Sep2023 10:36:08.000,30000
8569,15Sep2023 10:36:08.000,30000
8569,22Sep2023 10:36:08.000,30000
8569,29Sep2023 12:58:49.000,30000
8569,06Oct2023 12:58:49.000,30000
8569,13Oct2023 12:58:49.000,30000
8569,20Oct2023 12:58:49.000,30000
8594,29Aug2023 16:47:42.000,
8603,29Aug2023 18:01:39.000,
8614,29Aug2023 16:30:09.000,
8674,29Aug2023 16:52:04.000,
8680,29Aug2023 19:11:54.000,
869,16Aug2023 18:13:52.000,
8716,11Aug2023 9:45:47.000,50000
8716,11Sep2023 9:45:47.000,50000
8716,11Oct2023 9:45:47.000,50000
8720,29Aug2023 17:08:59.000,
8750,29Aug2023 16:32:20.000,
8752,29Aug2023 17:09:11.000,
8756,29Aug2023 19:50:33.000,
876,16Aug2023 20:00:48.000,
8836,29Aug2023 18:50:55.000,
8838,29Aug2023 19:14:06.000,
884,16Aug2023 20:00:58.000,
8840,29Aug2023 17:46:45.000,
889,16Aug2023 19:13:47.000,
890,16Aug2023 20:15:33.000,
8959,02Oct2023 19:25:26.000,
8971,29Aug2023 19:14:47.000,
8972,29Aug2023 18:04:17.000,
9,18Oct2023 13:01:45.000,
9003,29Aug2023 18:11:42.000,
9014,01Aug2023 1:25:05.000,30000
9014,08Aug2023 1:25:05.000,30000
9014,16Aug2023 9:54:07.000,30000
9014,23Aug2023 9:54:07.000,30000
9014,18Sep2023 16:18:15.000,30000
9014,26Sep2023 7:47:51.000,30000
9014,03Oct2023 15:13:45.000,30000
9014,11Oct2023 0:49:13.000,30000
9014,18Oct2023 0:49:13.000,30000
9031,29Aug2023 17:16:50.000,
9033,29Aug2023 18:54:10.000,
9085,29Aug2023 19:01:22.000,
9090,29Aug2023 18:15:12.000,
9092,29Aug2023 16:41:54.000,
9097,29Aug2023 18:15:35.000,
9098,29Aug2023 18:15:39.000,
9112,29Aug2023 17:42:02.000,
9130,29Aug2023 16:44:20.000,
9133,29Aug2023 18:07:19.000,
9137,29Aug2023 17:18:20.000,
914,16Aug2023 20:01:15.000,
9159,29Aug2023 18:23:47.000,
9160,29Aug2023 19:24:22.000,
9164,29Aug2023 16:44:40.000,
9165,29Aug2023 19:24:34.000,
9177,29Aug2023 19:07:35.000,
918,16Aug2023 18:14:02.000,
9183,29Aug2023 16:48:07.000,
9188,29Aug2023 19:29:03.000,
919,16Aug2023 20:15:40.000,
9197,29Aug2023 18:38:46.000,
9199,29Aug2023 17:54:11.000,
9200,29Aug2023 18:10:36.000,
9204,29Aug2023 18:38:54.000,
9205,29Aug2023 17:19:49.000,
9208,29Aug2023 17:54:18.000,
9218,29Aug2023 17:54:35.000,
9272,19Aug2023 23:03:47.000,50000
9272,19Sep2023 23:03:47.000,50000
9272,19Oct2023 23:03:47.000,50000
9305,29Aug2023 18:27:21.000,
9310,29Aug2023 18:41:25.000,
9333,29Aug2023 19:13:21.000,
9338,29Aug2023 17:58:26.000,
9350,29Aug2023 17:23:33.000,
9356,29Aug2023 11:16:47.000,50000
9356,29Sep2023 11:16:47.000,50000
9356,29Oct2023 11:16:47.000,50000
9363,29Aug2023 17:23:50.000,
9373,29Aug2023 19:35:44.000,
9383,29Aug2023 16:18:10.000,
939,16Aug2023 19:14:05.000,
9442,10Aug2023 16:46:04.000,50000
9442,10Sep2023 16:46:04.000,50000
9442,10Oct2023 16:46:04.000,50000
9472,29Aug2023 17:27:05.000,
9476,29Aug2023 19:22:23.000,
9478,29Aug2023 16:59:58.000,
9481,29Aug2023 17:27:28.000,
9580,29Aug2023 17:05:49.000,
9629,01Aug2023 23:02:51.000,
9635,02Aug2023 2:10:41.000,
9665,01Aug2023 23:05:04.000,
9667,02Aug2023 2:14:18.000,
968,16Aug2023 20:01:59.000,
9682,02Aug2023 1:42:37.000,
9691,02Aug2023 0:36:19.000,
9709,02Aug2023 15:23:53.000,30000
9709,11Aug2023 15:34:27.000,30000
9709,20Aug2023 8:46:38.000,30000
9709,29Aug2023 11:27:15.000,30000
9709,06Sep2023 17:48:19.000,30000
9709,20Sep2023 11:47:07.000,30000
9709,27Sep2023 11:47:07.000,30000
9709,04Oct2023 15:46:10.000,30000
9709,12Oct2023 9:51:58.000,30000
9709,19Oct2023 9:51:58.000,30000
9709,26Oct2023 11:01:01.000,30000
9725,02Aug2023 1:16:28.000,
9732,01Aug2023 23:06:27.000,
9736,02Aug2023 1:50:48.000,
9739,02Aug2023 1:20:12.000,
9743,02Aug2023 2:17:10.000,
9748,02Aug2023 1:51:08.000,
9752,02Aug2023 1:51:11.000,
9754,02Aug2023 1:26:15.000,
9757,02Aug2023 1:51:24.000,
9766,29Aug2023 16:27:13.000,
9797,02Aug2023 2:18:07.000,
9804,02Aug2023 2:18:15.000,
9805,01Aug2023 22:48:15.000,
9818,03Sep2023 19:04:54.000,
9832,03Sep2023 19:05:17.000,
9841,02Aug2023 0:22:17.000,
9860,01Aug2023 23:29:27.000,
9876,02Aug2023 1:53:52.000,
9893,02Aug2023 2:20:07.000,
990,04Aug2023 17:52:03.000,30000
990,12Aug2023 10:27:47.000,30000
990,20Aug2023 20:45:04.000,30000
990,29Aug2023 18:13:37.000,30000
990,07Sep2023 13:37:56.000,30000
990,14Sep2023 13:39:54.000,30000
990,21Sep2023 13:39:54.000,30000
990,29Sep2023 12:59:48.000,30000
990,07Oct2023 13:19:25.000,30000
990,14Oct2023 13:19:25.000,30000
990,25Oct2023 10:22:45.000,30000
9904,02Aug2023 2:24:07.000,
9907,02Aug2023 0:44:58.000,
9910,02Aug2023 0:23:43.000,
9925,02Aug2023 0:45:19.000,
9927,02Aug2023 1:24:43.000,
9936,06Aug2023 10:33:44.000,30000
9936,13Aug2023 10:33:44.000,30000
9936,20Aug2023 10:33:44.000,30000
9936,30Aug2023 10:59:57.000,30000
9936,08Sep2023 16:20:22.000,30000
9936,20Sep2023 14:47:05.000,30000
9936,27Sep2023 14:47:05.000,30000
9936,04Oct2023 16:08:10.000,30000
9936,14Oct2023 15:58:38.000,30000
9936,21Oct2023 15:58:38.000,30000
9936,28Oct2023 15:58:38.000,30000
9938,01Aug2023 22:50:42.000,
9953,02Aug2023 1:25:27.000,
9976,02Aug2023 0:46:21.000,
9981,02Aug2023 0:25:10.000,
9990,02Aug2023 2:25:23.000,
9997,02Aug2023 1:30:11.000,
